{
  "layer": 65,
  "multipliers": [
    -1.5,
    -1.0,
    -0.5,
    0.0,
    0.5,
    1.0,
    1.5
  ],
  "mean_propensity": [
    0.5066636029411765,
    0.535922181372549,
    0.5677083333333334,
    0.5967371323529411,
    0.6346507352941176,
    0.6769301470588235,
    0.7197074142156863
  ],
  "slope": 0.07057784051120447,
  "intercept": 0.6054742209383753,
  "sv_counts": {
    "train_rows": 136
  },
  "splits": {
    "train": 136,
    "test": 204
  }
}