{
  "layer": 60,
  "multipliers": [
    -1.5,
    -1.0,
    -0.5,
    0.0,
    0.5,
    1.0,
    1.5
  ],
  "mean_propensity": [
    0.5306985294117647,
    0.525,
    0.5292279411764705,
    0.5306985294117647,
    0.5284926470588235,
    0.5273897058823529,
    0.5264705882352941
  ],
  "slope": -0.0006171218487394896,
  "intercept": 0.52828256302521,
  "sv_counts": {
    "train_rows": 136
  },
  "splits": {
    "train": 136,
    "val": 34,
    "test": 170
  }
}